enrollmentid,StudentID,behavior_text,post_data
1,83,Student 83 posted in forum: 'Question about Week 5 assignment.',2023/1/15
2,290,Student 290 posted in forum: 'Question about Week 14 assignment.',2023/1/15
3,261,Student 261 posted in forum: 'Question about Week 12 assignment.',2023/1/15
4,154,Student 154 posted in forum: 'Question about Week 13 assignment.',2023/1/15
6,69,Student 69 posted in forum: 'Question about Week 8 assignment.',2023/1/15
7,225,Student 225 posted in forum: 'Question about Week 10 assignment.',2023/1/15
8,53,Student 53 posted in forum: 'Question about Week 1 assignment.',2023/1/15
9,265,Student 265 posted in forum: 'Question about Week 13 assignment.',2023/1/15
10,288,Student 288 posted in forum: 'Question about Week 14 assignment.',2023/1/15
11,439,Student 439 posted in forum: 'Question about Week 5 assignment.',2023/1/15
12,390,Student 390 posted in forum: 'Question about Week 5 assignment.',2023/1/15
13,126,Student 126 posted in forum: 'Question about Week 6 assignment.',2023/1/15
14,93,Student 93 posted in forum: 'Question about Week 2 assignment.',2023/1/15
15,444,Student 444 posted in forum: 'Question about Week 3 assignment.',2023/1/15
16,198,Student 198 posted in forum: 'Question about Week 11 assignment.',2023/1/15
17,356,Student 356 posted in forum: 'Question about Week 5 assignment.',2023/1/15
18,237,Student 237 posted in forum: 'Question about Week 10 assignment.',2023/1/15
19,232,Student 232 posted in forum: 'Question about Week 11 assignment.',2023/1/15
20,14,Student 14 posted in forum: 'Question about Week 2 assignment.',2023/1/15
21,306,Student 306 posted in forum: 'Question about Week 14 assignment.',2023/1/15
22,199,Student 199 posted in forum: 'Question about Week 10 assignment.',2023/1/15
23,219,Student 219 posted in forum: 'Question about Week 2 assignment.',2023/1/15
24,43,Student 43 posted in forum: 'Question about Week 12 assignment.',2023/1/15
25,46,Student 46 posted in forum: 'Question about Week 3 assignment.',2023/1/15
26,76,Student 76 posted in forum: 'Question about Week 3 assignment.',2023/1/15
27,406,Student 406 posted in forum: 'Question about Week 6 assignment.',2023/1/15
28,357,Student 357 posted in forum: 'Question about Week 4 assignment.',2023/1/15
29,84,Student 84 posted in forum: 'Question about Week 11 assignment.',2023/1/15
30,145,Student 145 posted in forum: 'Question about Week 2 assignment.',2023/1/15
31,397,Student 397 posted in forum: 'Question about Week 9 assignment.',2023/1/15
32,286,Student 286 posted in forum: 'Question about Week 7 assignment.',2023/1/15
33,404,Student 404 posted in forum: 'Question about Week 8 assignment.',2023/1/15
34,407,Student 407 posted in forum: 'Question about Week 10 assignment.',2023/1/15
35,30,Student 30 posted in forum: 'Question about Week 11 assignment.',2023/1/15
36,125,Student 125 posted in forum: 'Question about Week 4 assignment.',2023/1/15
37,44,Student 44 posted in forum: 'Question about Week 5 assignment.',2023/1/15
38,98,Student 98 posted in forum: 'Question about Week 1 assignment.',2023/1/15
39,334,Student 334 posted in forum: 'Question about Week 2 assignment.',2023/1/15
40,106,Student 106 posted in forum: 'Question about Week 5 assignment.',2023/1/15
41,337,Student 337 posted in forum: 'Question about Week 13 assignment.',2023/1/15
42,41,Student 41 posted in forum: 'Question about Week 4 assignment.',2023/1/15
43,268,Student 268 posted in forum: 'Question about Week 3 assignment.',2023/1/15
45,333,Student 333 posted in forum: 'Question about Week 13 assignment.',2023/1/15
46,236,Student 236 posted in forum: 'Question about Week 10 assignment.',2023/1/15
47,147,Student 147 posted in forum: 'Question about Week 11 assignment.',2023/1/15
48,62,Student 62 posted in forum: 'Question about Week 1 assignment.',2023/1/15
49,343,Student 343 posted in forum: 'Question about Week 10 assignment.',2023/1/15
50,344,Student 344 posted in forum: 'Question about Week 14 assignment.',2023/1/15
51,496,Student 496 posted in forum: 'Question about Week 6 assignment.',2023/1/15
52,453,Student 453 posted in forum: 'Question about Week 5 assignment.',2023/1/15
53,67,Student 67 posted in forum: 'Question about Week 6 assignment.',2023/1/15
54,452,Student 452 posted in forum: 'Question about Week 12 assignment.',2023/1/15
55,422,Student 422 posted in forum: 'Question about Week 3 assignment.',2023/1/15
56,444,Student 444 posted in forum: 'Question about Week 6 assignment.',2023/1/15
57,153,Student 153 posted in forum: 'Question about Week 8 assignment.',2023/1/15
58,301,Student 301 posted in forum: 'Question about Week 13 assignment.',2023/1/15
59,46,Student 46 posted in forum: 'Question about Week 11 assignment.',2023/1/15
60,278,Student 278 posted in forum: 'Question about Week 7 assignment.',2023/1/15
61,159,Student 159 posted in forum: 'Question about Week 5 assignment.',2023/1/15
62,154,Student 154 posted in forum: 'Question about Week 7 assignment.',2023/1/15
63,355,Student 355 posted in forum: 'Question about Week 1 assignment.',2023/1/15
64,206,Student 206 posted in forum: 'Question about Week 12 assignment.',2023/1/15
65,394,Student 394 posted in forum: 'Question about Week 11 assignment.',2023/1/15
66,467,Student 467 posted in forum: 'Question about Week 10 assignment.',2023/1/15
67,201,Student 201 posted in forum: 'Question about Week 12 assignment.',2023/1/15
68,165,Student 165 posted in forum: 'Question about Week 12 assignment.',2023/1/15
69,198,Student 198 posted in forum: 'Question about Week 8 assignment.',2023/1/15
70,59,Student 59 posted in forum: 'Question about Week 2 assignment.',2023/1/15
71,408,Student 408 posted in forum: 'Question about Week 13 assignment.',2023/1/15
72,303,Student 303 posted in forum: 'Question about Week 1 assignment.',2023/1/15
73,107,Student 107 posted in forum: 'Question about Week 11 assignment.',2023/1/15
74,291,Student 291 posted in forum: 'Question about Week 8 assignment.',2023/1/15
75,7,Student 7 posted in forum: 'Question about Week 3 assignment.',2023/1/15
76,355,Student 355 posted in forum: 'Question about Week 7 assignment.',2023/1/15
77,303,Student 303 posted in forum: 'Question about Week 4 assignment.',2023/1/15
78,492,Student 492 posted in forum: 'Question about Week 2 assignment.',2023/1/15
79,409,Student 409 posted in forum: 'Question about Week 14 assignment.',2023/1/15
80,47,Student 47 posted in forum: 'Question about Week 14 assignment.',2023/1/15
81,500,Student 500 posted in forum: 'Question about Week 9 assignment.',2023/1/15
82,139,Student 139 posted in forum: 'Question about Week 1 assignment.',2023/1/15
83,479,Student 479 posted in forum: 'Question about Week 7 assignment.',2023/1/15
84,427,Student 427 posted in forum: 'Question about Week 8 assignment.',2023/1/15
85,347,Student 347 posted in forum: 'Question about Week 2 assignment.',2023/1/15
86,419,Student 419 posted in forum: 'Question about Week 1 assignment.',2023/1/15
87,63,Student 63 posted in forum: 'Question about Week 6 assignment.',2023/1/15
88,26,Student 26 posted in forum: 'Question about Week 2 assignment.',2023/1/15
89,457,Student 457 posted in forum: 'Question about Week 12 assignment.',2023/1/15
90,230,Student 230 posted in forum: 'Question about Week 9 assignment.',2023/1/15
91,316,Student 316 posted in forum: 'Question about Week 8 assignment.',2023/1/15
92,428,Student 428 posted in forum: 'Question about Week 10 assignment.',2023/1/15
93,390,Student 390 posted in forum: 'Question about Week 5 assignment.',2023/1/15
94,487,Student 487 posted in forum: 'Question about Week 14 assignment.',2023/1/15
95,200,Student 200 posted in forum: 'Question about Week 10 assignment.',2023/1/15
96,287,Student 287 posted in forum: 'Question about Week 8 assignment.',2023/1/15
97,232,Student 232 posted in forum: 'Question about Week 3 assignment.',2023/1/15
98,140,Student 140 posted in forum: 'Question about Week 4 assignment.',2023/1/15
99,242,Student 242 posted in forum: 'Question about Week 3 assignment.',2023/1/15
100,324,Student 324 posted in forum: 'Question about Week 7 assignment.',2023/1/15
101,194,Student 194 posted in forum: 'Question about Week 14 assignment.',2023/1/15
102,455,Student 455 posted in forum: 'Question about Week 13 assignment.',2023/1/15
103,206,Student 206 posted in forum: 'Question about Week 10 assignment.',2023/1/15
104,51,Student 51 posted in forum: 'Question about Week 8 assignment.',2023/1/15
105,56,Student 56 posted in forum: 'Question about Week 12 assignment.',2023/1/15
106,356,Student 356 posted in forum: 'Question about Week 3 assignment.',2023/1/15
107,295,Student 295 posted in forum: 'Question about Week 10 assignment.',2023/1/15
108,192,Student 192 posted in forum: 'Question about Week 5 assignment.',2023/1/15
109,53,Student 53 posted in forum: 'Question about Week 9 assignment.',2023/1/15
110,488,Student 488 posted in forum: 'Question about Week 4 assignment.',2023/1/15
111,408,Student 408 posted in forum: 'Question about Week 2 assignment.',2023/1/15
112,84,Student 84 posted in forum: 'Question about Week 1 assignment.',2023/1/15
113,90,Student 90 posted in forum: 'Question about Week 8 assignment.',2023/1/15
114,116,Student 116 posted in forum: 'Question about Week 2 assignment.',2023/1/15
115,458,Student 458 posted in forum: 'Question about Week 6 assignment.',2023/1/15
116,285,Student 285 posted in forum: 'Question about Week 2 assignment.',2023/1/15
117,408,Student 408 posted in forum: 'Question about Week 6 assignment.',2023/1/15
118,102,Student 102 posted in forum: 'Question about Week 7 assignment.',2023/1/15
119,152,Student 152 posted in forum: 'Question about Week 6 assignment.',2023/1/15
120,193,Student 193 posted in forum: 'Question about Week 4 assignment.',2023/1/15
121,85,Student 85 posted in forum: 'Question about Week 11 assignment.',2023/1/15
122,81,Student 81 posted in forum: 'Question about Week 9 assignment.',2023/1/15
123,391,Student 391 posted in forum: 'Question about Week 10 assignment.',2023/1/15
124,253,Student 253 posted in forum: 'Question about Week 7 assignment.',2023/1/15
125,58,Student 58 posted in forum: 'Question about Week 6 assignment.',2023/1/15
126,54,Student 54 posted in forum: 'Question about Week 12 assignment.',2023/1/15
127,237,Student 237 posted in forum: 'Question about Week 13 assignment.',2023/1/15
128,357,Student 357 posted in forum: 'Question about Week 1 assignment.',2023/1/15
129,352,Student 352 posted in forum: 'Question about Week 5 assignment.',2023/1/15
130,252,Student 252 posted in forum: 'Question about Week 5 assignment.',2023/1/15
131,452,Student 452 posted in forum: 'Question about Week 6 assignment.',2023/1/15
132,488,Student 488 posted in forum: 'Question about Week 13 assignment.',2023/1/15
133,238,Student 238 posted in forum: 'Question about Week 2 assignment.',2023/1/15
134,99,Student 99 posted in forum: 'Question about Week 13 assignment.',2023/1/15
135,334,Student 334 posted in forum: 'Question about Week 13 assignment.',2023/1/15
136,294,Student 294 posted in forum: 'Question about Week 4 assignment.',2023/1/15
137,305,Student 305 posted in forum: 'Question about Week 5 assignment.',2023/1/15
138,487,Student 487 posted in forum: 'Question about Week 5 assignment.',2023/1/15
139,497,Student 497 posted in forum: 'Question about Week 6 assignment.',2023/1/15
140,271,Student 271 posted in forum: 'Question about Week 12 assignment.',2023/1/15
141,349,Student 349 posted in forum: 'Question about Week 12 assignment.',2023/1/15
142,278,Student 278 posted in forum: 'Question about Week 10 assignment.',2023/1/15
143,342,Student 342 posted in forum: 'Question about Week 13 assignment.',2023/1/15
144,473,Student 473 posted in forum: 'Question about Week 1 assignment.',2023/1/15
145,45,Student 45 posted in forum: 'Question about Week 10 assignment.',2023/1/15
146,120,Student 120 posted in forum: 'Question about Week 9 assignment.',2023/1/15
147,355,Student 355 posted in forum: 'Question about Week 2 assignment.',2023/1/15
148,233,Student 233 posted in forum: 'Question about Week 14 assignment.',2023/1/15
149,163,Student 163 posted in forum: 'Question about Week 1 assignment.',2023/1/15
150,217,Student 217 posted in forum: 'Question about Week 13 assignment.',2023/1/15
151,164,Student 164 posted in forum: 'Question about Week 13 assignment.',2023/1/15
152,236,Student 236 posted in forum: 'Question about Week 2 assignment.',2023/1/15
153,342,Student 342 posted in forum: 'Question about Week 4 assignment.',2023/1/15
154,410,Student 410 posted in forum: 'Question about Week 9 assignment.',2023/1/15
155,89,Student 89 posted in forum: 'Question about Week 8 assignment.',2023/1/15
156,211,Student 211 posted in forum: 'Question about Week 11 assignment.',2023/1/15
157,101,Student 101 posted in forum: 'Question about Week 2 assignment.',2023/1/15
158,217,Student 217 posted in forum: 'Question about Week 8 assignment.',2023/1/15
159,322,Student 322 posted in forum: 'Question about Week 12 assignment.',2023/1/15
160,81,Student 81 posted in forum: 'Question about Week 5 assignment.',2023/1/15
161,426,Student 426 posted in forum: 'Question about Week 10 assignment.',2023/1/15
162,41,Student 41 posted in forum: 'Question about Week 11 assignment.',2023/1/15
163,203,Student 203 posted in forum: 'Question about Week 10 assignment.',2023/1/15
164,47,Student 47 posted in forum: 'Question about Week 8 assignment.',2023/1/15
165,474,Student 474 posted in forum: 'Question about Week 12 assignment.',2023/1/15
166,324,Student 324 posted in forum: 'Question about Week 13 assignment.',2023/1/15
167,218,Student 218 posted in forum: 'Question about Week 6 assignment.',2023/1/15
168,194,Student 194 posted in forum: 'Question about Week 9 assignment.',2023/1/15
169,175,Student 175 posted in forum: 'Question about Week 1 assignment.',2023/1/15
170,274,Student 274 posted in forum: 'Question about Week 12 assignment.',2023/1/15
171,171,Student 171 posted in forum: 'Question about Week 12 assignment.',2023/1/15
172,120,Student 120 posted in forum: 'Question about Week 2 assignment.',2023/1/15
173,221,Student 221 posted in forum: 'Question about Week 6 assignment.',2023/1/15
174,321,Student 321 posted in forum: 'Question about Week 10 assignment.',2023/1/15
175,171,Student 171 posted in forum: 'Question about Week 13 assignment.',2023/1/15
176,397,Student 397 posted in forum: 'Question about Week 5 assignment.',2023/1/15
177,455,Student 455 posted in forum: 'Question about Week 2 assignment.',2023/1/15
178,183,Student 183 posted in forum: 'Question about Week 7 assignment.',2023/1/15
179,248,Student 248 posted in forum: 'Question about Week 3 assignment.',2023/1/15
180,61,Student 61 posted in forum: 'Question about Week 8 assignment.',2023/1/15
181,415,Student 415 posted in forum: 'Question about Week 14 assignment.',2023/1/15
182,17,Student 17 posted in forum: 'Question about Week 7 assignment.',2023/1/15
183,357,Student 357 posted in forum: 'Question about Week 1 assignment.',2023/1/15
184,75,Student 75 posted in forum: 'Question about Week 1 assignment.',2023/1/15
185,78,Student 78 posted in forum: 'Question about Week 8 assignment.',2023/1/15
186,360,Student 360 posted in forum: 'Question about Week 14 assignment.',2023/1/15
187,117,Student 117 posted in forum: 'Question about Week 7 assignment.',2023/1/15
188,246,Student 246 posted in forum: 'Question about Week 1 assignment.',2023/1/15
189,5,Student 5 posted in forum: 'Question about Week 2 assignment.',2023/1/15
190,150,Student 150 posted in forum: 'Question about Week 7 assignment.',2023/1/15
191,66,Student 66 posted in forum: 'Question about Week 9 assignment.',2023/1/15
192,466,Student 466 posted in forum: 'Question about Week 13 assignment.',2023/1/15
193,145,Student 145 posted in forum: 'Question about Week 8 assignment.',2023/1/15
194,51,Student 51 posted in forum: 'Question about Week 12 assignment.',2023/1/15
195,268,Student 268 posted in forum: 'Question about Week 1 assignment.',2023/1/15
196,430,Student 430 posted in forum: 'Question about Week 10 assignment.',2023/1/15
197,370,Student 370 posted in forum: 'Question about Week 3 assignment.',2023/1/15
198,407,Student 407 posted in forum: 'Question about Week 6 assignment.',2023/1/15
199,403,Student 403 posted in forum: 'Question about Week 11 assignment.',2023/1/15
200,215,Student 215 posted in forum: 'Question about Week 14 assignment.',2023/1/15
201,346,Student 346 posted in forum: 'Question about Week 13 assignment.',2023/1/15
202,317,Student 317 posted in forum: 'Question about Week 1 assignment.',2023/1/15
203,16,Student 16 posted in forum: 'Question about Week 2 assignment.',2023/1/15
204,10,Student 10 posted in forum: 'Question about Week 12 assignment.',2023/1/15
205,192,Student 192 posted in forum: 'Question about Week 4 assignment.',2023/1/15
206,306,Student 306 posted in forum: 'Question about Week 11 assignment.',2023/1/15
207,152,Student 152 posted in forum: 'Question about Week 2 assignment.',2023/1/15
208,203,Student 203 posted in forum: 'Question about Week 3 assignment.',2023/1/15
209,427,Student 427 posted in forum: 'Question about Week 1 assignment.',2023/1/15
210,323,Student 323 posted in forum: 'Question about Week 3 assignment.',2023/1/15
211,393,Student 393 posted in forum: 'Question about Week 7 assignment.',2023/1/15
212,429,Student 429 posted in forum: 'Question about Week 12 assignment.',2023/1/15
213,479,Student 479 posted in forum: 'Question about Week 11 assignment.',2023/1/15
214,222,Student 222 posted in forum: 'Question about Week 11 assignment.',2023/1/15
215,351,Student 351 posted in forum: 'Question about Week 9 assignment.',2023/1/15
216,17,Student 17 posted in forum: 'Question about Week 14 assignment.',2023/1/15
217,183,Student 183 posted in forum: 'Question about Week 9 assignment.',2023/1/15
218,397,Student 397 posted in forum: 'Question about Week 4 assignment.',2023/1/15
219,389,Student 389 posted in forum: 'Question about Week 5 assignment.',2023/1/15
220,439,Student 439 posted in forum: 'Question about Week 6 assignment.',2023/1/15
221,119,Student 119 posted in forum: 'Question about Week 12 assignment.',2023/1/15
222,89,Student 89 posted in forum: 'Question about Week 9 assignment.',2023/1/15
223,227,Student 227 posted in forum: 'Question about Week 5 assignment.',2023/1/15
224,8,Student 8 posted in forum: 'Question about Week 8 assignment.',2023/1/15
225,463,Student 463 posted in forum: 'Question about Week 9 assignment.',2023/1/15
226,286,Student 286 posted in forum: 'Question about Week 2 assignment.',2023/1/15
227,430,Student 430 posted in forum: 'Question about Week 6 assignment.',2023/1/15
228,248,Student 248 posted in forum: 'Question about Week 9 assignment.',2023/1/15
229,399,Student 399 posted in forum: 'Question about Week 11 assignment.',2023/1/15
230,189,Student 189 posted in forum: 'Question about Week 10 assignment.',2023/1/15
231,101,Student 101 posted in forum: 'Question about Week 2 assignment.',2023/1/15
232,125,Student 125 posted in forum: 'Question about Week 12 assignment.',2023/1/15
233,498,Student 498 posted in forum: 'Question about Week 12 assignment.',2023/1/15
234,34,Student 34 posted in forum: 'Question about Week 5 assignment.',2023/1/15
235,38,Student 38 posted in forum: 'Question about Week 13 assignment.',2023/1/15
236,357,Student 357 posted in forum: 'Question about Week 8 assignment.',2023/1/15
237,88,Student 88 posted in forum: 'Question about Week 5 assignment.',2023/1/15
238,82,Student 82 posted in forum: 'Question about Week 3 assignment.',2023/1/15
239,451,Student 451 posted in forum: 'Question about Week 11 assignment.',2023/1/15
240,355,Student 355 posted in forum: 'Question about Week 2 assignment.',2023/1/15
241,262,Student 262 posted in forum: 'Question about Week 4 assignment.',2023/1/15
242,401,Student 401 posted in forum: 'Question about Week 2 assignment.',2023/1/15
243,273,Student 273 posted in forum: 'Question about Week 7 assignment.',2023/1/15
244,62,Student 62 posted in forum: 'Question about Week 7 assignment.',2023/1/15
245,211,Student 211 posted in forum: 'Question about Week 8 assignment.',2023/1/15
246,416,Student 416 posted in forum: 'Question about Week 1 assignment.',2023/1/15
247,122,Student 122 posted in forum: 'Question about Week 3 assignment.',2023/1/15
248,492,Student 492 posted in forum: 'Question about Week 10 assignment.',2023/1/15
249,64,Student 64 posted in forum: 'Question about Week 9 assignment.',2023/1/15
250,259,Student 259 posted in forum: 'Question about Week 10 assignment.',2023/1/15
251,100,Student 100 posted in forum: 'Question about Week 2 assignment.',2023/1/15
252,232,Student 232 posted in forum: 'Question about Week 9 assignment.',2023/1/15
253,381,Student 381 posted in forum: 'Question about Week 11 assignment.',2023/1/15
254,270,Student 270 posted in forum: 'Question about Week 5 assignment.',2023/1/15
255,105,Student 105 posted in forum: 'Question about Week 9 assignment.',2023/1/15
256,92,Student 92 posted in forum: 'Question about Week 11 assignment.',2023/1/15
257,123,Student 123 posted in forum: 'Question about Week 2 assignment.',2023/1/15
258,140,Student 140 posted in forum: 'Question about Week 9 assignment.',2023/1/15
259,170,Student 170 posted in forum: 'Question about Week 7 assignment.',2023/1/15
260,298,Student 298 posted in forum: 'Question about Week 5 assignment.',2023/1/15
261,110,Student 110 posted in forum: 'Question about Week 12 assignment.',2023/1/15
262,142,Student 142 posted in forum: 'Question about Week 5 assignment.',2023/1/15
263,357,Student 357 posted in forum: 'Question about Week 2 assignment.',2023/1/15
264,393,Student 393 posted in forum: 'Question about Week 1 assignment.',2023/1/15
265,491,Student 491 posted in forum: 'Question about Week 3 assignment.',2023/1/15
266,418,Student 418 posted in forum: 'Question about Week 9 assignment.',2023/1/15
267,292,Student 292 posted in forum: 'Question about Week 14 assignment.',2023/1/15
268,13,Student 13 posted in forum: 'Question about Week 4 assignment.',2023/1/15
269,230,Student 230 posted in forum: 'Question about Week 5 assignment.',2023/1/15
270,106,Student 106 posted in forum: 'Question about Week 14 assignment.',2023/1/15
271,468,Student 468 posted in forum: 'Question about Week 13 assignment.',2023/1/15
272,298,Student 298 posted in forum: 'Question about Week 14 assignment.',2023/1/15
273,216,Student 216 posted in forum: 'Question about Week 3 assignment.',2023/1/15
274,395,Student 395 posted in forum: 'Question about Week 8 assignment.',2023/1/15
275,352,Student 352 posted in forum: 'Question about Week 14 assignment.',2023/1/15
276,15,Student 15 posted in forum: 'Question about Week 13 assignment.',2023/1/15
277,145,Student 145 posted in forum: 'Question about Week 12 assignment.',2023/1/15
278,266,Student 266 posted in forum: 'Question about Week 1 assignment.',2023/1/15
279,496,Student 496 posted in forum: 'Question about Week 2 assignment.',2023/1/15
280,66,Student 66 posted in forum: 'Question about Week 4 assignment.',2023/1/15
281,308,Student 308 posted in forum: 'Question about Week 11 assignment.',2023/1/15
282,164,Student 164 posted in forum: 'Question about Week 3 assignment.',2023/1/15
283,442,Student 442 posted in forum: 'Question about Week 2 assignment.',2023/1/15
284,249,Student 249 posted in forum: 'Question about Week 10 assignment.',2023/1/15
285,390,Student 390 posted in forum: 'Question about Week 3 assignment.',2023/1/15
286,147,Student 147 posted in forum: 'Question about Week 3 assignment.',2023/1/15
287,226,Student 226 posted in forum: 'Question about Week 2 assignment.',2023/1/15
288,454,Student 454 posted in forum: 'Question about Week 13 assignment.',2023/1/15
289,135,Student 135 posted in forum: 'Question about Week 9 assignment.',2023/1/15
290,428,Student 428 posted in forum: 'Question about Week 2 assignment.',2023/1/15
291,242,Student 242 posted in forum: 'Question about Week 3 assignment.',2023/1/15
292,317,Student 317 posted in forum: 'Question about Week 8 assignment.',2023/1/15
293,283,Student 283 posted in forum: 'Question about Week 8 assignment.',2023/1/15
294,462,Student 462 posted in forum: 'Question about Week 8 assignment.',2023/1/15
295,22,Student 22 posted in forum: 'Question about Week 2 assignment.',2023/1/15
296,20,Student 20 posted in forum: 'Question about Week 13 assignment.',2023/1/15
297,441,Student 441 posted in forum: 'Question about Week 12 assignment.',2023/1/15
298,186,Student 186 posted in forum: 'Question about Week 1 assignment.',2023/1/15
299,223,Student 223 posted in forum: 'Question about Week 2 assignment.',2023/1/15
300,398,Student 398 posted in forum: 'Question about Week 6 assignment.',2023/1/15
301,454,Student 454 posted in forum: 'Question about Week 6 assignment.',2023/1/15
302,370,Student 370 posted in forum: 'Question about Week 2 assignment.',2023/1/15
303,324,Student 324 posted in forum: 'Question about Week 7 assignment.',2023/1/15
304,255,Student 255 posted in forum: 'Question about Week 5 assignment.',2023/1/15
305,364,Student 364 posted in forum: 'Question about Week 7 assignment.',2023/1/15
306,310,Student 310 posted in forum: 'Question about Week 3 assignment.',2023/1/15
307,200,Student 200 posted in forum: 'Question about Week 11 assignment.',2023/1/15
308,195,Student 195 posted in forum: 'Question about Week 5 assignment.',2023/1/15
309,369,Student 369 posted in forum: 'Question about Week 4 assignment.',2023/1/15
310,316,Student 316 posted in forum: 'Question about Week 5 assignment.',2023/1/15
311,492,Student 492 posted in forum: 'Question about Week 4 assignment.',2023/1/15
312,52,Student 52 posted in forum: 'Question about Week 2 assignment.',2023/1/15
313,33,Student 33 posted in forum: 'Question about Week 3 assignment.',2023/1/15
314,493,Student 493 posted in forum: 'Question about Week 13 assignment.',2023/1/15
315,435,Student 435 posted in forum: 'Question about Week 10 assignment.',2023/1/15
316,150,Student 150 posted in forum: 'Question about Week 6 assignment.',2023/1/15
317,128,Student 128 posted in forum: 'Question about Week 6 assignment.',2023/1/15
318,215,Student 215 posted in forum: 'Question about Week 10 assignment.',2023/1/15
319,458,Student 458 posted in forum: 'Question about Week 7 assignment.',2023/1/15
320,14,Student 14 posted in forum: 'Question about Week 3 assignment.',2023/1/15
321,463,Student 463 posted in forum: 'Question about Week 13 assignment.',2023/1/15
322,110,Student 110 posted in forum: 'Question about Week 10 assignment.',2023/1/15
323,29,Student 29 posted in forum: 'Question about Week 4 assignment.',2023/1/15
324,178,Student 178 posted in forum: 'Question about Week 9 assignment.',2023/1/15
325,234,Student 234 posted in forum: 'Question about Week 7 assignment.',2023/1/15
326,124,Student 124 posted in forum: 'Question about Week 5 assignment.',2023/1/15
327,389,Student 389 posted in forum: 'Question about Week 14 assignment.',2023/1/15
328,80,Student 80 posted in forum: 'Question about Week 10 assignment.',2023/1/15
329,258,Student 258 posted in forum: 'Question about Week 14 assignment.',2023/1/15
330,300,Student 300 posted in forum: 'Question about Week 12 assignment.',2023/1/15
331,481,Student 481 posted in forum: 'Question about Week 8 assignment.',2023/1/15
332,219,Student 219 posted in forum: 'Question about Week 1 assignment.',2023/1/15
333,394,Student 394 posted in forum: 'Question about Week 13 assignment.',2023/1/15
334,165,Student 165 posted in forum: 'Question about Week 8 assignment.',2023/1/15
335,126,Student 126 posted in forum: 'Question about Week 9 assignment.',2023/1/15
336,148,Student 148 posted in forum: 'Question about Week 12 assignment.',2023/1/15
337,499,Student 499 posted in forum: 'Question about Week 5 assignment.',2023/1/15
338,267,Student 267 posted in forum: 'Question about Week 11 assignment.',2023/1/15
339,451,Student 451 posted in forum: 'Question about Week 11 assignment.',2023/1/15
340,145,Student 145 posted in forum: 'Question about Week 12 assignment.',2023/1/15
341,292,Student 292 posted in forum: 'Question about Week 8 assignment.',2023/1/15
342,122,Student 122 posted in forum: 'Question about Week 7 assignment.',2023/1/15
343,415,Student 415 posted in forum: 'Question about Week 1 assignment.',2023/1/15
344,304,Student 304 posted in forum: 'Question about Week 12 assignment.',2023/1/15
346,194,Student 194 posted in forum: 'Question about Week 8 assignment.',2023/1/15
347,119,Student 119 posted in forum: 'Question about Week 11 assignment.',2023/1/15
348,6,Student 6 posted in forum: 'Question about Week 5 assignment.',2023/1/15
349,14,Student 14 posted in forum: 'Question about Week 6 assignment.',2023/1/15
350,249,Student 249 posted in forum: 'Question about Week 11 assignment.',2023/1/15
351,59,Student 59 posted in forum: 'Question about Week 3 assignment.',2023/1/15
352,107,Student 107 posted in forum: 'Question about Week 1 assignment.',2023/1/15
353,315,Student 315 posted in forum: 'Question about Week 1 assignment.',2023/1/15
354,274,Student 274 posted in forum: 'Question about Week 12 assignment.',2023/1/15
355,335,Student 335 posted in forum: 'Question about Week 7 assignment.',2023/1/15
356,110,Student 110 posted in forum: 'Question about Week 11 assignment.',2023/1/15
357,162,Student 162 posted in forum: 'Question about Week 14 assignment.',2023/1/15
358,166,Student 166 posted in forum: 'Question about Week 1 assignment.',2023/1/15
359,111,Student 111 posted in forum: 'Question about Week 14 assignment.',2023/1/15
360,164,Student 164 posted in forum: 'Question about Week 1 assignment.',2023/1/15
361,424,Student 424 posted in forum: 'Question about Week 8 assignment.',2023/1/15
362,289,Student 289 posted in forum: 'Question about Week 8 assignment.',2023/1/15
363,490,Student 490 posted in forum: 'Question about Week 6 assignment.',2023/1/15
364,214,Student 214 posted in forum: 'Question about Week 3 assignment.',2023/1/15
365,274,Student 274 posted in forum: 'Question about Week 10 assignment.',2023/1/15
366,298,Student 298 posted in forum: 'Question about Week 2 assignment.',2023/1/15
367,71,Student 71 posted in forum: 'Question about Week 13 assignment.',2023/1/15
368,254,Student 254 posted in forum: 'Question about Week 10 assignment.',2023/1/15
369,316,Student 316 posted in forum: 'Question about Week 9 assignment.',2023/1/15
371,377,Student 377 posted in forum: 'Question about Week 12 assignment.',2023/1/15
372,162,Student 162 posted in forum: 'Question about Week 6 assignment.',2023/1/15
374,175,Student 175 posted in forum: 'Question about Week 11 assignment.',2023/1/15
375,192,Student 192 posted in forum: 'Question about Week 13 assignment.',2023/1/15
376,233,Student 233 posted in forum: 'Question about Week 6 assignment.',2023/1/15
377,143,Student 143 posted in forum: 'Question about Week 5 assignment.',2023/1/15
378,210,Student 210 posted in forum: 'Question about Week 13 assignment.',2023/1/15
379,338,Student 338 posted in forum: 'Question about Week 6 assignment.',2023/1/15
381,488,Student 488 posted in forum: 'Question about Week 9 assignment.',2023/1/15
382,116,Student 116 posted in forum: 'Question about Week 7 assignment.',2023/1/15
383,112,Student 112 posted in forum: 'Question about Week 9 assignment.',2023/1/15
384,14,Student 14 posted in forum: 'Question about Week 6 assignment.',2023/1/15
385,48,Student 48 posted in forum: 'Question about Week 7 assignment.',2023/1/15
386,369,Student 369 posted in forum: 'Question about Week 1 assignment.',2023/1/15
387,68,Student 68 posted in forum: 'Question about Week 12 assignment.',2023/1/15
388,218,Student 218 posted in forum: 'Question about Week 4 assignment.',2023/1/15
389,152,Student 152 posted in forum: 'Question about Week 14 assignment.',2023/1/15
390,388,Student 388 posted in forum: 'Question about Week 6 assignment.',2023/1/15
391,12,Student 12 posted in forum: 'Question about Week 12 assignment.',2023/1/15
392,451,Student 451 posted in forum: 'Question about Week 2 assignment.',2023/1/15
393,476,Student 476 posted in forum: 'Question about Week 1 assignment.',2023/1/15
394,251,Student 251 posted in forum: 'Question about Week 6 assignment.',2023/1/15
395,420,Student 420 posted in forum: 'Question about Week 14 assignment.',2023/1/15
396,45,Student 45 posted in forum: 'Question about Week 9 assignment.',2023/1/15
397,499,Student 499 posted in forum: 'Question about Week 11 assignment.',2023/1/15
398,26,Student 26 posted in forum: 'Question about Week 9 assignment.',2023/1/15
399,421,Student 421 posted in forum: 'Question about Week 8 assignment.',2023/1/15
400,279,Student 279 posted in forum: 'Question about Week 2 assignment.',2023/1/15
401,53,Student 53 posted in forum: 'Question about Week 3 assignment.',2023/1/15
402,8,Student 8 posted in forum: 'Question about Week 3 assignment.',2023/1/15
403,195,Student 195 posted in forum: 'Question about Week 5 assignment.',2023/1/15
404,276,Student 276 posted in forum: 'Question about Week 9 assignment.',2023/1/15
405,297,Student 297 posted in forum: 'Question about Week 1 assignment.',2023/1/15
406,242,Student 242 posted in forum: 'Question about Week 11 assignment.',2023/1/15
407,187,Student 187 posted in forum: 'Question about Week 4 assignment.',2023/1/15
408,260,Student 260 posted in forum: 'Question about Week 8 assignment.',2023/1/15
409,282,Student 282 posted in forum: 'Question about Week 10 assignment.',2023/1/15
410,475,Student 475 posted in forum: 'Question about Week 12 assignment.',2023/1/15
411,115,Student 115 posted in forum: 'Question about Week 11 assignment.',2023/1/15
412,159,Student 159 posted in forum: 'Question about Week 11 assignment.',2023/1/15
413,304,Student 304 posted in forum: 'Question about Week 14 assignment.',2023/1/15
414,102,Student 102 posted in forum: 'Question about Week 10 assignment.',2023/1/15
415,438,Student 438 posted in forum: 'Question about Week 11 assignment.',2023/1/15
416,98,Student 98 posted in forum: 'Question about Week 8 assignment.',2023/1/15
417,406,Student 406 posted in forum: 'Question about Week 3 assignment.',2023/1/15
418,145,Student 145 posted in forum: 'Question about Week 2 assignment.',2023/1/15
419,467,Student 467 posted in forum: 'Question about Week 13 assignment.',2023/1/15
420,475,Student 475 posted in forum: 'Question about Week 9 assignment.',2023/1/15
421,369,Student 369 posted in forum: 'Question about Week 10 assignment.',2023/1/15
422,126,Student 126 posted in forum: 'Question about Week 9 assignment.',2023/1/15
423,202,Student 202 posted in forum: 'Question about Week 8 assignment.',2023/1/15
424,212,Student 212 posted in forum: 'Question about Week 9 assignment.',2023/1/15
425,49,Student 49 posted in forum: 'Question about Week 8 assignment.',2023/1/15
426,34,Student 34 posted in forum: 'Question about Week 8 assignment.',2023/1/15
427,137,Student 137 posted in forum: 'Question about Week 11 assignment.',2023/1/15
429,351,Student 351 posted in forum: 'Question about Week 1 assignment.',2023/1/15
430,371,Student 371 posted in forum: 'Question about Week 14 assignment.',2023/1/15
431,338,Student 338 posted in forum: 'Question about Week 9 assignment.',2023/1/15
432,290,Student 290 posted in forum: 'Question about Week 12 assignment.',2023/1/15
433,159,Student 159 posted in forum: 'Question about Week 8 assignment.',2023/1/15
434,357,Student 357 posted in forum: 'Question about Week 5 assignment.',2023/1/15
435,290,Student 290 posted in forum: 'Question about Week 11 assignment.',2023/1/15
436,348,Student 348 posted in forum: 'Question about Week 2 assignment.',2023/1/15
437,36,Student 36 posted in forum: 'Question about Week 9 assignment.',2023/1/15
438,101,Student 101 posted in forum: 'Question about Week 8 assignment.',2023/1/15
440,322,Student 322 posted in forum: 'Question about Week 4 assignment.',2023/1/15
441,358,Student 358 posted in forum: 'Question about Week 4 assignment.',2023/1/15
442,13,Student 13 posted in forum: 'Question about Week 4 assignment.',2023/1/15
443,468,Student 468 posted in forum: 'Question about Week 13 assignment.',2023/1/15
444,256,Student 256 posted in forum: 'Question about Week 14 assignment.',2023/1/15
446,48,Student 48 posted in forum: 'Question about Week 4 assignment.',2023/1/15
447,317,Student 317 posted in forum: 'Question about Week 14 assignment.',2023/1/15
448,292,Student 292 posted in forum: 'Question about Week 13 assignment.',2023/1/15
449,389,Student 389 posted in forum: 'Question about Week 11 assignment.',2023/1/15
450,110,Student 110 posted in forum: 'Question about Week 12 assignment.',2023/1/15
451,449,Student 449 posted in forum: 'Question about Week 6 assignment.',2023/1/15
452,56,Student 56 posted in forum: 'Question about Week 2 assignment.',2023/1/15
453,1,Student 1 posted in forum: 'Question about Week 9 assignment.',2023/1/15
454,3,Student 3 posted in forum: 'Question about Week 14 assignment.',2023/1/15
455,195,Student 195 posted in forum: 'Question about Week 7 assignment.',2023/1/15
456,88,Student 88 posted in forum: 'Question about Week 3 assignment.',2023/1/15
457,499,Student 499 posted in forum: 'Question about Week 14 assignment.',2023/1/15
459,24,Student 24 posted in forum: 'Question about Week 7 assignment.',2023/1/15
460,409,Student 409 posted in forum: 'Question about Week 7 assignment.',2023/1/15
461,308,Student 308 posted in forum: 'Question about Week 8 assignment.',2023/1/15
462,122,Student 122 posted in forum: 'Question about Week 6 assignment.',2023/1/15
463,47,Student 47 posted in forum: 'Question about Week 4 assignment.',2023/1/15
464,242,Student 242 posted in forum: 'Question about Week 10 assignment.',2023/1/15
465,368,Student 368 posted in forum: 'Question about Week 14 assignment.',2023/1/15
466,443,Student 443 posted in forum: 'Question about Week 14 assignment.',2023/1/15
467,146,Student 146 posted in forum: 'Question about Week 1 assignment.',2023/1/15
468,96,Student 96 posted in forum: 'Question about Week 12 assignment.',2023/1/15
469,326,Student 326 posted in forum: 'Question about Week 13 assignment.',2023/1/15
470,186,Student 186 posted in forum: 'Question about Week 11 assignment.',2023/1/15
471,351,Student 351 posted in forum: 'Question about Week 9 assignment.',2023/1/15
472,81,Student 81 posted in forum: 'Question about Week 4 assignment.',2023/1/15
473,458,Student 458 posted in forum: 'Question about Week 8 assignment.',2023/1/15
474,413,Student 413 posted in forum: 'Question about Week 3 assignment.',2023/1/15
475,105,Student 105 posted in forum: 'Question about Week 7 assignment.',2023/1/15
476,89,Student 89 posted in forum: 'Question about Week 10 assignment.',2023/1/15
477,338,Student 338 posted in forum: 'Question about Week 5 assignment.',2023/1/15
478,346,Student 346 posted in forum: 'Question about Week 4 assignment.',2023/1/15
479,50,Student 50 posted in forum: 'Question about Week 14 assignment.',2023/1/15
480,51,Student 51 posted in forum: 'Question about Week 14 assignment.',2023/1/15
481,387,Student 387 posted in forum: 'Question about Week 9 assignment.',2023/1/15
482,52,Student 52 posted in forum: 'Question about Week 14 assignment.',2023/1/15
483,104,Student 104 posted in forum: 'Question about Week 12 assignment.',2023/1/15
484,278,Student 278 posted in forum: 'Question about Week 13 assignment.',2023/1/15
485,486,Student 486 posted in forum: 'Question about Week 1 assignment.',2023/1/15
486,327,Student 327 posted in forum: 'Question about Week 11 assignment.',2023/1/15
487,162,Student 162 posted in forum: 'Question about Week 1 assignment.',2023/1/15
488,257,Student 257 posted in forum: 'Question about Week 7 assignment.',2023/1/15
489,154,Student 154 posted in forum: 'Question about Week 6 assignment.',2023/1/15
490,261,Student 261 posted in forum: 'Question about Week 5 assignment.',2023/1/15
491,146,Student 146 posted in forum: 'Question about Week 8 assignment.',2023/1/15
492,277,Student 277 posted in forum: 'Question about Week 2 assignment.',2023/1/15
493,227,Student 227 posted in forum: 'Question about Week 5 assignment.',2023/1/15
494,35,Student 35 posted in forum: 'Question about Week 4 assignment.',2023/1/15
495,296,Student 296 posted in forum: 'Question about Week 2 assignment.',2023/1/15
496,428,Student 428 posted in forum: 'Question about Week 3 assignment.',2023/1/15
497,152,Student 152 posted in forum: 'Question about Week 14 assignment.',2023/1/15
498,352,Student 352 posted in forum: 'Question about Week 8 assignment.',2023/1/15
499,93,Student 93 posted in forum: 'Question about Week 10 assignment.',2023/1/15
500,458,Student 458 posted in forum: 'Question about Week 4 assignment.',2023/1/15
501,280,Student 280 posted in forum: 'Question about Week 4 assignment.',2023/1/15
502,34,Student 34 posted in forum: 'Question about Week 11 assignment.',2023/1/15
503,420,Student 420 posted in forum: 'Question about Week 12 assignment.',2023/1/15
504,213,Student 213 posted in forum: 'Question about Week 2 assignment.',2023/1/15
505,98,Student 98 posted in forum: 'Question about Week 8 assignment.',2023/1/15
506,266,Student 266 posted in forum: 'Question about Week 7 assignment.',2023/1/15
507,426,Student 426 posted in forum: 'Question about Week 6 assignment.',2023/1/15
508,95,Student 95 posted in forum: 'Question about Week 5 assignment.',2023/1/15
509,237,Student 237 posted in forum: 'Question about Week 11 assignment.',2023/1/15
510,53,Student 53 posted in forum: 'Question about Week 12 assignment.',2023/1/15
511,68,Student 68 posted in forum: 'Question about Week 12 assignment.',2023/1/15
512,61,Student 61 posted in forum: 'Question about Week 13 assignment.',2023/1/15
513,172,Student 172 posted in forum: 'Question about Week 7 assignment.',2023/1/15
514,237,Student 237 posted in forum: 'Question about Week 2 assignment.',2023/1/15
515,247,Student 247 posted in forum: 'Question about Week 13 assignment.',2023/1/15
516,199,Student 199 posted in forum: 'Question about Week 1 assignment.',2023/1/15
517,162,Student 162 posted in forum: 'Question about Week 12 assignment.',2023/1/15
518,207,Student 207 posted in forum: 'Question about Week 7 assignment.',2023/1/15
519,92,Student 92 posted in forum: 'Question about Week 6 assignment.',2023/1/15
520,333,Student 333 posted in forum: 'Question about Week 10 assignment.',2023/1/15
521,398,Student 398 posted in forum: 'Question about Week 12 assignment.',2023/1/15
522,11,Student 11 posted in forum: 'Question about Week 3 assignment.',2023/1/15
523,140,Student 140 posted in forum: 'Question about Week 2 assignment.',2023/1/15
524,368,Student 368 posted in forum: 'Question about Week 4 assignment.',2023/1/15
525,111,Student 111 posted in forum: 'Question about Week 9 assignment.',2023/1/15
526,15,Student 15 posted in forum: 'Question about Week 4 assignment.',2023/1/15
527,223,Student 223 posted in forum: 'Question about Week 14 assignment.',2023/1/15
528,1,Student 1 posted in forum: 'Question about Week 10 assignment.',2023/1/15
529,441,Student 441 posted in forum: 'Question about Week 6 assignment.',2023/1/15
530,493,Student 493 posted in forum: 'Question about Week 9 assignment.',2023/1/15
531,474,Student 474 posted in forum: 'Question about Week 14 assignment.',2023/1/15
532,212,Student 212 posted in forum: 'Question about Week 11 assignment.',2023/1/15
533,64,Student 64 posted in forum: 'Question about Week 11 assignment.',2023/1/15
534,168,Student 168 posted in forum: 'Question about Week 6 assignment.',2023/1/15
535,416,Student 416 posted in forum: 'Question about Week 12 assignment.',2023/1/15
536,87,Student 87 posted in forum: 'Question about Week 9 assignment.',2023/1/15
537,46,Student 46 posted in forum: 'Question about Week 6 assignment.',2023/1/15
538,187,Student 187 posted in forum: 'Question about Week 3 assignment.',2023/1/15
539,47,Student 47 posted in forum: 'Question about Week 13 assignment.',2023/1/15
540,471,Student 471 posted in forum: 'Question about Week 1 assignment.',2023/1/15
541,131,Student 131 posted in forum: 'Question about Week 4 assignment.',2023/1/15
542,121,Student 121 posted in forum: 'Question about Week 3 assignment.',2023/1/15
543,96,Student 96 posted in forum: 'Question about Week 10 assignment.',2023/1/15
544,51,Student 51 posted in forum: 'Question about Week 2 assignment.',2023/1/15
545,474,Student 474 posted in forum: 'Question about Week 13 assignment.',2023/1/15
546,371,Student 371 posted in forum: 'Question about Week 3 assignment.',2023/1/15
547,148,Student 148 posted in forum: 'Question about Week 10 assignment.',2023/1/15
548,372,Student 372 posted in forum: 'Question about Week 11 assignment.',2023/1/15
549,437,Student 437 posted in forum: 'Question about Week 4 assignment.',2023/1/15
550,262,Student 262 posted in forum: 'Question about Week 3 assignment.',2023/1/15
551,40,Student 40 posted in forum: 'Question about Week 2 assignment.',2023/1/15
552,196,Student 196 posted in forum: 'Question about Week 6 assignment.',2023/1/15
553,113,Student 113 posted in forum: 'Question about Week 2 assignment.',2023/1/15
554,244,Student 244 posted in forum: 'Question about Week 6 assignment.',2023/1/15
555,62,Student 62 posted in forum: 'Question about Week 12 assignment.',2023/1/15
556,289,Student 289 posted in forum: 'Question about Week 3 assignment.',2023/1/15
557,237,Student 237 posted in forum: 'Question about Week 9 assignment.',2023/1/15
558,275,Student 275 posted in forum: 'Question about Week 8 assignment.',2023/1/15
559,307,Student 307 posted in forum: 'Question about Week 14 assignment.',2023/1/15
561,414,Student 414 posted in forum: 'Question about Week 13 assignment.',2023/1/15
562,494,Student 494 posted in forum: 'Question about Week 13 assignment.',2023/1/15
563,316,Student 316 posted in forum: 'Question about Week 7 assignment.',2023/1/15
564,20,Student 20 posted in forum: 'Question about Week 12 assignment.',2023/1/15
565,36,Student 36 posted in forum: 'Question about Week 14 assignment.',2023/1/15
566,446,Student 446 posted in forum: 'Question about Week 10 assignment.',2023/1/15
567,95,Student 95 posted in forum: 'Question about Week 6 assignment.',2023/1/15
568,286,Student 286 posted in forum: 'Question about Week 4 assignment.',2023/1/15
569,87,Student 87 posted in forum: 'Question about Week 6 assignment.',2023/1/15
570,9,Student 9 posted in forum: 'Question about Week 8 assignment.',2023/1/15
571,249,Student 249 posted in forum: 'Question about Week 11 assignment.',2023/1/15
572,232,Student 232 posted in forum: 'Question about Week 5 assignment.',2023/1/15
573,395,Student 395 posted in forum: 'Question about Week 13 assignment.',2023/1/15
574,430,Student 430 posted in forum: 'Question about Week 6 assignment.',2023/1/15
575,103,Student 103 posted in forum: 'Question about Week 1 assignment.',2023/1/15
576,16,Student 16 posted in forum: 'Question about Week 14 assignment.',2023/1/15
577,72,Student 72 posted in forum: 'Question about Week 6 assignment.',2023/1/15
578,102,Student 102 posted in forum: 'Question about Week 14 assignment.',2023/1/15
579,352,Student 352 posted in forum: 'Question about Week 8 assignment.',2023/1/15
580,499,Student 499 posted in forum: 'Question about Week 9 assignment.',2023/1/15
581,427,Student 427 posted in forum: 'Question about Week 9 assignment.',2023/1/15
582,278,Student 278 posted in forum: 'Question about Week 9 assignment.',2023/1/15
583,56,Student 56 posted in forum: 'Question about Week 10 assignment.',2023/1/15
584,31,Student 31 posted in forum: 'Question about Week 7 assignment.',2023/1/15
585,9,Student 9 posted in forum: 'Question about Week 5 assignment.',2023/1/15
586,39,Student 39 posted in forum: 'Question about Week 3 assignment.',2023/1/15
587,34,Student 34 posted in forum: 'Question about Week 7 assignment.',2023/1/15
588,194,Student 194 posted in forum: 'Question about Week 1 assignment.',2023/1/15
589,209,Student 209 posted in forum: 'Question about Week 14 assignment.',2023/1/15
590,201,Student 201 posted in forum: 'Question about Week 7 assignment.',2023/1/15
591,60,Student 60 posted in forum: 'Question about Week 3 assignment.',2023/1/15
592,293,Student 293 posted in forum: 'Question about Week 8 assignment.',2023/1/15
593,62,Student 62 posted in forum: 'Question about Week 9 assignment.',2023/1/15
594,283,Student 283 posted in forum: 'Question about Week 11 assignment.',2023/1/15
595,242,Student 242 posted in forum: 'Question about Week 9 assignment.',2023/1/15
596,238,Student 238 posted in forum: 'Question about Week 6 assignment.',2023/1/15
597,462,Student 462 posted in forum: 'Question about Week 9 assignment.',2023/1/15
598,115,Student 115 posted in forum: 'Question about Week 12 assignment.',2023/1/15
599,36,Student 36 posted in forum: 'Question about Week 13 assignment.',2023/1/15
600,293,Student 293 posted in forum: 'Question about Week 11 assignment.',2023/1/15
601,242,Student 242 posted in forum: 'Question about Week 11 assignment.',2023/1/15
602,494,Student 494 posted in forum: 'Question about Week 10 assignment.',2023/1/15
603,402,Student 402 posted in forum: 'Question about Week 1 assignment.',2023/1/15
604,381,Student 381 posted in forum: 'Question about Week 13 assignment.',2023/1/15
605,319,Student 319 posted in forum: 'Question about Week 5 assignment.',2023/1/15
606,479,Student 479 posted in forum: 'Question about Week 5 assignment.',2023/1/15
607,476,Student 476 posted in forum: 'Question about Week 8 assignment.',2023/1/15
608,333,Student 333 posted in forum: 'Question about Week 12 assignment.',2023/1/15
609,301,Student 301 posted in forum: 'Question about Week 4 assignment.',2023/1/15
610,182,Student 182 posted in forum: 'Question about Week 8 assignment.',2023/1/15
611,236,Student 236 posted in forum: 'Question about Week 1 assignment.',2023/1/15
612,438,Student 438 posted in forum: 'Question about Week 13 assignment.',2023/1/15
613,123,Student 123 posted in forum: 'Question about Week 5 assignment.',2023/1/15
614,162,Student 162 posted in forum: 'Question about Week 12 assignment.',2023/1/15
615,246,Student 246 posted in forum: 'Question about Week 11 assignment.',2023/1/15
616,295,Student 295 posted in forum: 'Question about Week 1 assignment.',2023/1/15
617,496,Student 496 posted in forum: 'Question about Week 5 assignment.',2023/1/15
618,216,Student 216 posted in forum: 'Question about Week 9 assignment.',2023/1/15
619,335,Student 335 posted in forum: 'Question about Week 3 assignment.',2023/1/15
620,221,Student 221 posted in forum: 'Question about Week 10 assignment.',2023/1/15
621,264,Student 264 posted in forum: 'Question about Week 14 assignment.',2023/1/15
622,262,Student 262 posted in forum: 'Question about Week 7 assignment.',2023/1/15
623,203,Student 203 posted in forum: 'Question about Week 9 assignment.',2023/1/15
624,202,Student 202 posted in forum: 'Question about Week 4 assignment.',2023/1/15
625,308,Student 308 posted in forum: 'Question about Week 5 assignment.',2023/1/15
626,128,Student 128 posted in forum: 'Question about Week 11 assignment.',2023/1/15
627,170,Student 170 posted in forum: 'Question about Week 5 assignment.',2023/1/15
628,118,Student 118 posted in forum: 'Question about Week 5 assignment.',2023/1/15
629,449,Student 449 posted in forum: 'Question about Week 11 assignment.',2023/1/15
630,388,Student 388 posted in forum: 'Question about Week 1 assignment.',2023/1/15
631,101,Student 101 posted in forum: 'Question about Week 13 assignment.',2023/1/15
632,33,Student 33 posted in forum: 'Question about Week 12 assignment.',2023/1/15
633,403,Student 403 posted in forum: 'Question about Week 6 assignment.',2023/1/15
634,425,Student 425 posted in forum: 'Question about Week 1 assignment.',2023/1/15
635,315,Student 315 posted in forum: 'Question about Week 3 assignment.',2023/1/15
636,463,Student 463 posted in forum: 'Question about Week 11 assignment.',2023/1/15
637,184,Student 184 posted in forum: 'Question about Week 13 assignment.',2023/1/15
638,60,Student 60 posted in forum: 'Question about Week 14 assignment.',2023/1/15
639,55,Student 55 posted in forum: 'Question about Week 13 assignment.',2023/1/15
640,183,Student 183 posted in forum: 'Question about Week 14 assignment.',2023/1/15
641,102,Student 102 posted in forum: 'Question about Week 9 assignment.',2023/1/15
642,113,Student 113 posted in forum: 'Question about Week 12 assignment.',2023/1/15
643,341,Student 341 posted in forum: 'Question about Week 9 assignment.',2023/1/15
644,127,Student 127 posted in forum: 'Question about Week 4 assignment.',2023/1/15
645,289,Student 289 posted in forum: 'Question about Week 12 assignment.',2023/1/15
646,137,Student 137 posted in forum: 'Question about Week 8 assignment.',2023/1/15
647,90,Student 90 posted in forum: 'Question about Week 3 assignment.',2023/1/15
648,205,Student 205 posted in forum: 'Question about Week 4 assignment.',2023/1/15
650,57,Student 57 posted in forum: 'Question about Week 8 assignment.',2023/1/15
651,13,Student 13 posted in forum: 'Question about Week 12 assignment.',2023/1/15
652,459,Student 459 posted in forum: 'Question about Week 3 assignment.',2023/1/15
653,306,Student 306 posted in forum: 'Question about Week 4 assignment.',2023/1/15
654,281,Student 281 posted in forum: 'Question about Week 10 assignment.',2023/1/15
655,50,Student 50 posted in forum: 'Question about Week 8 assignment.',2023/1/15
656,114,Student 114 posted in forum: 'Question about Week 10 assignment.',2023/1/15
658,436,Student 436 posted in forum: 'Question about Week 8 assignment.',2023/1/15
659,218,Student 218 posted in forum: 'Question about Week 6 assignment.',2023/1/15
660,194,Student 194 posted in forum: 'Question about Week 11 assignment.',2023/1/15
661,434,Student 434 posted in forum: 'Question about Week 8 assignment.',2023/1/15
662,263,Student 263 posted in forum: 'Question about Week 10 assignment.',2023/1/15
663,437,Student 437 posted in forum: 'Question about Week 4 assignment.',2023/1/15
664,442,Student 442 posted in forum: 'Question about Week 3 assignment.',2023/1/15
665,19,Student 19 posted in forum: 'Question about Week 3 assignment.',2023/1/15
666,348,Student 348 posted in forum: 'Question about Week 12 assignment.',2023/1/15
667,481,Student 481 posted in forum: 'Question about Week 4 assignment.',2023/1/15
668,205,Student 205 posted in forum: 'Question about Week 6 assignment.',2023/1/15
669,283,Student 283 posted in forum: 'Question about Week 3 assignment.',2023/1/15
670,195,Student 195 posted in forum: 'Question about Week 8 assignment.',2023/1/15
671,77,Student 77 posted in forum: 'Question about Week 4 assignment.',2023/1/15
672,357,Student 357 posted in forum: 'Question about Week 5 assignment.',2023/1/15
673,8,Student 8 posted in forum: 'Question about Week 2 assignment.',2023/1/15
674,61,Student 61 posted in forum: 'Question about Week 4 assignment.',2023/1/15
675,206,Student 206 posted in forum: 'Question about Week 12 assignment.',2023/1/15
676,243,Student 243 posted in forum: 'Question about Week 1 assignment.',2023/1/15
677,103,Student 103 posted in forum: 'Question about Week 10 assignment.',2023/1/15
678,404,Student 404 posted in forum: 'Question about Week 4 assignment.',2023/1/15
679,132,Student 132 posted in forum: 'Question about Week 2 assignment.',2023/1/15
680,27,Student 27 posted in forum: 'Question about Week 2 assignment.',2023/1/15
681,88,Student 88 posted in forum: 'Question about Week 2 assignment.',2023/1/15
682,126,Student 126 posted in forum: 'Question about Week 2 assignment.',2023/1/15
683,19,Student 19 posted in forum: 'Question about Week 5 assignment.',2023/1/15
684,309,Student 309 posted in forum: 'Question about Week 1 assignment.',2023/1/15
685,405,Student 405 posted in forum: 'Question about Week 3 assignment.',2023/1/15
686,432,Student 432 posted in forum: 'Question about Week 9 assignment.',2023/1/15
687,390,Student 390 posted in forum: 'Question about Week 13 assignment.',2023/1/15
688,467,Student 467 posted in forum: 'Question about Week 8 assignment.',2023/1/15
689,154,Student 154 posted in forum: 'Question about Week 11 assignment.',2023/1/15
690,1,Student 1 posted in forum: 'Question about Week 4 assignment.',2023/1/15
691,300,Student 300 posted in forum: 'Question about Week 7 assignment.',2023/1/15
692,307,Student 307 posted in forum: 'Question about Week 8 assignment.',2023/1/15
693,287,Student 287 posted in forum: 'Question about Week 14 assignment.',2023/1/15
695,74,Student 74 posted in forum: 'Question about Week 14 assignment.',2023/1/15
696,70,Student 70 posted in forum: 'Question about Week 13 assignment.',2023/1/15
697,335,Student 335 posted in forum: 'Question about Week 7 assignment.',2023/1/15
698,206,Student 206 posted in forum: 'Question about Week 5 assignment.',2023/1/15
699,161,Student 161 posted in forum: 'Question about Week 1 assignment.',2023/1/15
701,383,Student 383 posted in forum: 'Question about Week 3 assignment.',2023/1/15
702,161,Student 161 posted in forum: 'Question about Week 7 assignment.',2023/1/15
703,214,Student 214 posted in forum: 'Question about Week 2 assignment.',2023/1/15
704,45,Student 45 posted in forum: 'Question about Week 4 assignment.',2023/1/15
705,483,Student 483 posted in forum: 'Question about Week 4 assignment.',2023/1/15
706,29,Student 29 posted in forum: 'Question about Week 3 assignment.',2023/1/15
707,285,Student 285 posted in forum: 'Question about Week 8 assignment.',2023/1/15
708,28,Student 28 posted in forum: 'Question about Week 1 assignment.',2023/1/15
709,194,Student 194 posted in forum: 'Question about Week 6 assignment.',2023/1/15
710,478,Student 478 posted in forum: 'Question about Week 5 assignment.',2023/1/15
711,203,Student 203 posted in forum: 'Question about Week 5 assignment.',2023/1/15
712,281,Student 281 posted in forum: 'Question about Week 12 assignment.',2023/1/15
713,313,Student 313 posted in forum: 'Question about Week 12 assignment.',2023/1/15
714,174,Student 174 posted in forum: 'Question about Week 9 assignment.',2023/1/15
715,140,Student 140 posted in forum: 'Question about Week 14 assignment.',2023/1/15
716,430,Student 430 posted in forum: 'Question about Week 11 assignment.',2023/1/15
717,495,Student 495 posted in forum: 'Question about Week 14 assignment.',2023/1/15
718,216,Student 216 posted in forum: 'Question about Week 2 assignment.',2023/1/15
719,200,Student 200 posted in forum: 'Question about Week 6 assignment.',2023/1/15
720,228,Student 228 posted in forum: 'Question about Week 5 assignment.',2023/1/15
721,272,Student 272 posted in forum: 'Question about Week 8 assignment.',2023/1/15
722,359,Student 359 posted in forum: 'Question about Week 9 assignment.',2023/1/15
723,95,Student 95 posted in forum: 'Question about Week 9 assignment.',2023/1/15
724,144,Student 144 posted in forum: 'Question about Week 3 assignment.',2023/1/15
725,42,Student 42 posted in forum: 'Question about Week 9 assignment.',2023/1/15
726,226,Student 226 posted in forum: 'Question about Week 8 assignment.',2023/1/15
727,1,Student 1 posted in forum: 'Question about Week 10 assignment.',2023/1/15
728,248,Student 248 posted in forum: 'Question about Week 7 assignment.',2023/1/15
729,199,Student 199 posted in forum: 'Question about Week 3 assignment.',2023/1/15
730,179,Student 179 posted in forum: 'Question about Week 7 assignment.',2023/1/15
731,17,Student 17 posted in forum: 'Question about Week 6 assignment.',2023/1/15
732,375,Student 375 posted in forum: 'Question about Week 7 assignment.',2023/1/15
733,391,Student 391 posted in forum: 'Question about Week 12 assignment.',2023/1/15
734,142,Student 142 posted in forum: 'Question about Week 6 assignment.',2023/1/15
735,44,Student 44 posted in forum: 'Question about Week 10 assignment.',2023/1/15
736,108,Student 108 posted in forum: 'Question about Week 5 assignment.',2023/1/15
737,81,Student 81 posted in forum: 'Question about Week 11 assignment.',2023/1/15
738,340,Student 340 posted in forum: 'Question about Week 8 assignment.',2023/1/15
739,231,Student 231 posted in forum: 'Question about Week 7 assignment.',2023/1/15
740,463,Student 463 posted in forum: 'Question about Week 12 assignment.',2023/1/15
741,343,Student 343 posted in forum: 'Question about Week 1 assignment.',2023/1/15
742,475,Student 475 posted in forum: 'Question about Week 13 assignment.',2023/1/15
743,5,Student 5 posted in forum: 'Question about Week 12 assignment.',2023/1/15
744,389,Student 389 posted in forum: 'Question about Week 8 assignment.',2023/1/15
745,471,Student 471 posted in forum: 'Question about Week 4 assignment.',2023/1/15
746,465,Student 465 posted in forum: 'Question about Week 8 assignment.',2023/1/15
747,366,Student 366 posted in forum: 'Question about Week 5 assignment.',2023/1/15
748,177,Student 177 posted in forum: 'Question about Week 14 assignment.',2023/1/15
749,443,Student 443 posted in forum: 'Question about Week 2 assignment.',2023/1/15
750,477,Student 477 posted in forum: 'Question about Week 14 assignment.',2023/1/15
751,435,Student 435 posted in forum: 'Question about Week 12 assignment.',2023/1/15
752,487,Student 487 posted in forum: 'Question about Week 14 assignment.',2023/1/15
753,446,Student 446 posted in forum: 'Question about Week 8 assignment.',2023/1/15
754,119,Student 119 posted in forum: 'Question about Week 12 assignment.',2023/1/15
755,154,Student 154 posted in forum: 'Question about Week 5 assignment.',2023/1/15
756,35,Student 35 posted in forum: 'Question about Week 4 assignment.',2023/1/15
757,270,Student 270 posted in forum: 'Question about Week 3 assignment.',2023/1/15
758,442,Student 442 posted in forum: 'Question about Week 13 assignment.',2023/1/15
759,121,Student 121 posted in forum: 'Question about Week 3 assignment.',2023/1/15
760,69,Student 69 posted in forum: 'Question about Week 12 assignment.',2023/1/15
761,180,Student 180 posted in forum: 'Question about Week 9 assignment.',2023/1/15
762,357,Student 357 posted in forum: 'Question about Week 5 assignment.',2023/1/15
763,205,Student 205 posted in forum: 'Question about Week 3 assignment.',2023/1/15
764,87,Student 87 posted in forum: 'Question about Week 3 assignment.',2023/1/15
765,425,Student 425 posted in forum: 'Question about Week 13 assignment.',2023/1/15
766,174,Student 174 posted in forum: 'Question about Week 4 assignment.',2023/1/15
767,128,Student 128 posted in forum: 'Question about Week 13 assignment.',2023/1/15
768,112,Student 112 posted in forum: 'Question about Week 14 assignment.',2023/1/15
769,474,Student 474 posted in forum: 'Question about Week 6 assignment.',2023/1/15
770,212,Student 212 posted in forum: 'Question about Week 5 assignment.',2023/1/15
771,220,Student 220 posted in forum: 'Question about Week 9 assignment.',2023/1/15
772,465,Student 465 posted in forum: 'Question about Week 7 assignment.',2023/1/15
773,480,Student 480 posted in forum: 'Question about Week 3 assignment.',2023/1/15
775,309,Student 309 posted in forum: 'Question about Week 5 assignment.',2023/1/15
776,75,Student 75 posted in forum: 'Question about Week 14 assignment.',2023/1/15
777,167,Student 167 posted in forum: 'Question about Week 7 assignment.',2023/1/15
778,438,Student 438 posted in forum: 'Question about Week 1 assignment.',2023/1/15
779,492,Student 492 posted in forum: 'Question about Week 14 assignment.',2023/1/15
780,399,Student 399 posted in forum: 'Question about Week 2 assignment.',2023/1/15
781,458,Student 458 posted in forum: 'Question about Week 11 assignment.',2023/1/15
782,97,Student 97 posted in forum: 'Question about Week 14 assignment.',2023/1/15
783,234,Student 234 posted in forum: 'Question about Week 8 assignment.',2023/1/15
784,467,Student 467 posted in forum: 'Question about Week 8 assignment.',2023/1/15
785,67,Student 67 posted in forum: 'Question about Week 14 assignment.',2023/1/15
786,491,Student 491 posted in forum: 'Question about Week 6 assignment.',2023/1/15
787,357,Student 357 posted in forum: 'Question about Week 3 assignment.',2023/1/15
788,486,Student 486 posted in forum: 'Question about Week 5 assignment.',2023/1/15
789,263,Student 263 posted in forum: 'Question about Week 11 assignment.',2023/1/15
790,424,Student 424 posted in forum: 'Question about Week 3 assignment.',2023/1/15
791,146,Student 146 posted in forum: 'Question about Week 11 assignment.',2023/1/15
792,393,Student 393 posted in forum: 'Question about Week 14 assignment.',2023/1/15
793,393,Student 393 posted in forum: 'Question about Week 7 assignment.',2023/1/15
794,147,Student 147 posted in forum: 'Question about Week 10 assignment.',2023/1/15
795,167,Student 167 posted in forum: 'Question about Week 13 assignment.',2023/1/15
796,258,Student 258 posted in forum: 'Question about Week 4 assignment.',2023/1/15
797,20,Student 20 posted in forum: 'Question about Week 11 assignment.',2023/1/15
798,96,Student 96 posted in forum: 'Question about Week 6 assignment.',2023/1/15
799,131,Student 131 posted in forum: 'Question about Week 14 assignment.',2023/1/15
800,341,Student 341 posted in forum: 'Question about Week 8 assignment.',2023/1/15
801,77,Student 77 posted in forum: 'Question about Week 6 assignment.',2023/1/15
802,281,Student 281 posted in forum: 'Question about Week 4 assignment.',2023/1/15
803,370,Student 370 posted in forum: 'Question about Week 4 assignment.',2023/1/15
804,289,Student 289 posted in forum: 'Question about Week 2 assignment.',2023/1/15
805,498,Student 498 posted in forum: 'Question about Week 5 assignment.',2023/1/15
806,3,Student 3 posted in forum: 'Question about Week 8 assignment.',2023/1/15
807,323,Student 323 posted in forum: 'Question about Week 2 assignment.',2023/1/15
808,301,Student 301 posted in forum: 'Question about Week 3 assignment.',2023/1/15
809,115,Student 115 posted in forum: 'Question about Week 11 assignment.',2023/1/15
810,5,Student 5 posted in forum: 'Question about Week 8 assignment.',2023/1/15
811,415,Student 415 posted in forum: 'Question about Week 6 assignment.',2023/1/15
812,174,Student 174 posted in forum: 'Question about Week 8 assignment.',2023/1/15
813,280,Student 280 posted in forum: 'Question about Week 10 assignment.',2023/1/15
814,190,Student 190 posted in forum: 'Question about Week 11 assignment.',2023/1/15
815,125,Student 125 posted in forum: 'Question about Week 9 assignment.',2023/1/15
816,333,Student 333 posted in forum: 'Question about Week 10 assignment.',2023/1/15
817,117,Student 117 posted in forum: 'Question about Week 1 assignment.',2023/1/15
818,199,Student 199 posted in forum: 'Question about Week 9 assignment.',2023/1/15
820,270,Student 270 posted in forum: 'Question about Week 9 assignment.',2023/1/15
821,129,Student 129 posted in forum: 'Question about Week 12 assignment.',2023/1/15
822,400,Student 400 posted in forum: 'Question about Week 4 assignment.',2023/1/15
823,196,Student 196 posted in forum: 'Question about Week 2 assignment.',2023/1/15
824,289,Student 289 posted in forum: 'Question about Week 2 assignment.',2023/1/15
825,54,Student 54 posted in forum: 'Question about Week 5 assignment.',2023/1/15
826,17,Student 17 posted in forum: 'Question about Week 12 assignment.',2023/1/15
827,491,Student 491 posted in forum: 'Question about Week 2 assignment.',2023/1/15
828,172,Student 172 posted in forum: 'Question about Week 8 assignment.',2023/1/15
829,80,Student 80 posted in forum: 'Question about Week 7 assignment.',2023/1/15
830,99,Student 99 posted in forum: 'Question about Week 9 assignment.',2023/1/15
831,285,Student 285 posted in forum: 'Question about Week 3 assignment.',2023/1/15
832,112,Student 112 posted in forum: 'Question about Week 9 assignment.',2023/1/15
833,208,Student 208 posted in forum: 'Question about Week 6 assignment.',2023/1/15
834,253,Student 253 posted in forum: 'Question about Week 9 assignment.',2023/1/15
835,56,Student 56 posted in forum: 'Question about Week 2 assignment.',2023/1/15
836,286,Student 286 posted in forum: 'Question about Week 9 assignment.',2023/1/15
837,241,Student 241 posted in forum: 'Question about Week 4 assignment.',2023/1/15
838,371,Student 371 posted in forum: 'Question about Week 13 assignment.',2023/1/15
839,362,Student 362 posted in forum: 'Question about Week 3 assignment.',2023/1/15
840,111,Student 111 posted in forum: 'Question about Week 11 assignment.',2023/1/15
841,36,Student 36 posted in forum: 'Question about Week 6 assignment.',2023/1/15
842,288,Student 288 posted in forum: 'Question about Week 5 assignment.',2023/1/15
843,124,Student 124 posted in forum: 'Question about Week 3 assignment.',2023/1/15
844,393,Student 393 posted in forum: 'Question about Week 10 assignment.',2023/1/15
845,64,Student 64 posted in forum: 'Question about Week 11 assignment.',2023/1/15
846,485,Student 485 posted in forum: 'Question about Week 12 assignment.',2023/1/15
847,208,Student 208 posted in forum: 'Question about Week 8 assignment.',2023/1/15
848,236,Student 236 posted in forum: 'Question about Week 8 assignment.',2023/1/15
849,111,Student 111 posted in forum: 'Question about Week 9 assignment.',2023/1/15
850,321,Student 321 posted in forum: 'Question about Week 1 assignment.',2023/1/15
851,456,Student 456 posted in forum: 'Question about Week 14 assignment.',2023/1/15
852,438,Student 438 posted in forum: 'Question about Week 13 assignment.',2023/1/15
853,424,Student 424 posted in forum: 'Question about Week 1 assignment.',2023/1/15
854,493,Student 493 posted in forum: 'Question about Week 5 assignment.',2023/1/15
855,467,Student 467 posted in forum: 'Question about Week 10 assignment.',2023/1/15
856,351,Student 351 posted in forum: 'Question about Week 9 assignment.',2023/1/15
857,112,Student 112 posted in forum: 'Question about Week 7 assignment.',2023/1/15
858,477,Student 477 posted in forum: 'Question about Week 1 assignment.',2023/1/15
859,151,Student 151 posted in forum: 'Question about Week 9 assignment.',2023/1/15
860,359,Student 359 posted in forum: 'Question about Week 13 assignment.',2023/1/15
861,23,Student 23 posted in forum: 'Question about Week 4 assignment.',2023/1/15
862,192,Student 192 posted in forum: 'Question about Week 1 assignment.',2023/1/15
863,448,Student 448 posted in forum: 'Question about Week 10 assignment.',2023/1/15
864,73,Student 73 posted in forum: 'Question about Week 12 assignment.',2023/1/15
865,376,Student 376 posted in forum: 'Question about Week 5 assignment.',2023/1/15
866,91,Student 91 posted in forum: 'Question about Week 8 assignment.',2023/1/15
867,477,Student 477 posted in forum: 'Question about Week 10 assignment.',2023/1/15
868,366,Student 366 posted in forum: 'Question about Week 11 assignment.',2023/1/15
869,160,Student 160 posted in forum: 'Question about Week 11 assignment.',2023/1/15
870,213,Student 213 posted in forum: 'Question about Week 7 assignment.',2023/1/15
871,132,Student 132 posted in forum: 'Question about Week 9 assignment.',2023/1/15
872,8,Student 8 posted in forum: 'Question about Week 5 assignment.',2023/1/15
873,27,Student 27 posted in forum: 'Question about Week 2 assignment.',2023/1/15
874,222,Student 222 posted in forum: 'Question about Week 9 assignment.',2023/1/15
875,245,Student 245 posted in forum: 'Question about Week 12 assignment.',2023/1/15
876,50,Student 50 posted in forum: 'Question about Week 1 assignment.',2023/1/15
877,311,Student 311 posted in forum: 'Question about Week 12 assignment.',2023/1/15
878,234,Student 234 posted in forum: 'Question about Week 14 assignment.',2023/1/15
879,148,Student 148 posted in forum: 'Question about Week 7 assignment.',2023/1/15
880,467,Student 467 posted in forum: 'Question about Week 11 assignment.',2023/1/15
881,78,Student 78 posted in forum: 'Question about Week 2 assignment.',2023/1/15
882,252,Student 252 posted in forum: 'Question about Week 7 assignment.',2023/1/15
883,78,Student 78 posted in forum: 'Question about Week 12 assignment.',2023/1/15
884,73,Student 73 posted in forum: 'Question about Week 14 assignment.',2023/1/15
885,377,Student 377 posted in forum: 'Question about Week 4 assignment.',2023/1/15
886,140,Student 140 posted in forum: 'Question about Week 3 assignment.',2023/1/15
887,49,Student 49 posted in forum: 'Question about Week 13 assignment.',2023/1/15
888,197,Student 197 posted in forum: 'Question about Week 10 assignment.',2023/1/15
889,468,Student 468 posted in forum: 'Question about Week 7 assignment.',2023/1/15
890,393,Student 393 posted in forum: 'Question about Week 6 assignment.',2023/1/15
891,230,Student 230 posted in forum: 'Question about Week 8 assignment.',2023/1/15
892,440,Student 440 posted in forum: 'Question about Week 12 assignment.',2023/1/15
893,219,Student 219 posted in forum: 'Question about Week 12 assignment.',2023/1/15
894,176,Student 176 posted in forum: 'Question about Week 11 assignment.',2023/1/15
895,347,Student 347 posted in forum: 'Question about Week 13 assignment.',2023/1/15
896,327,Student 327 posted in forum: 'Question about Week 1 assignment.',2023/1/15
897,371,Student 371 posted in forum: 'Question about Week 14 assignment.',2023/1/15
898,66,Student 66 posted in forum: 'Question about Week 13 assignment.',2023/1/15
899,21,Student 21 posted in forum: 'Question about Week 13 assignment.',2023/1/15
900,175,Student 175 posted in forum: 'Question about Week 5 assignment.',2023/1/15
901,390,Student 390 posted in forum: 'Question about Week 11 assignment.',2023/1/15
902,283,Student 283 posted in forum: 'Question about Week 14 assignment.',2023/1/15
903,371,Student 371 posted in forum: 'Question about Week 6 assignment.',2023/1/15
904,2,Student 2 posted in forum: 'Question about Week 14 assignment.',2023/1/15
905,161,Student 161 posted in forum: 'Question about Week 13 assignment.',2023/1/15
906,494,Student 494 posted in forum: 'Question about Week 3 assignment.',2023/1/15
907,389,Student 389 posted in forum: 'Question about Week 14 assignment.',2023/1/15
908,423,Student 423 posted in forum: 'Question about Week 5 assignment.',2023/1/15
909,435,Student 435 posted in forum: 'Question about Week 2 assignment.',2023/1/15
910,230,Student 230 posted in forum: 'Question about Week 1 assignment.',2023/1/15
911,355,Student 355 posted in forum: 'Question about Week 7 assignment.',2023/1/15
912,17,Student 17 posted in forum: 'Question about Week 14 assignment.',2023/1/15
913,326,Student 326 posted in forum: 'Question about Week 11 assignment.',2023/1/15
914,213,Student 213 posted in forum: 'Question about Week 6 assignment.',2023/1/15
915,21,Student 21 posted in forum: 'Question about Week 8 assignment.',2023/1/15
916,372,Student 372 posted in forum: 'Question about Week 6 assignment.',2023/1/15
917,203,Student 203 posted in forum: 'Question about Week 10 assignment.',2023/1/15
918,331,Student 331 posted in forum: 'Question about Week 5 assignment.',2023/1/15
919,431,Student 431 posted in forum: 'Question about Week 12 assignment.',2023/1/15
920,178,Student 178 posted in forum: 'Question about Week 11 assignment.',2023/1/15
921,388,Student 388 posted in forum: 'Question about Week 6 assignment.',2023/1/15
922,76,Student 76 posted in forum: 'Question about Week 4 assignment.',2023/1/15
924,430,Student 430 posted in forum: 'Question about Week 1 assignment.',2023/1/15
925,280,Student 280 posted in forum: 'Question about Week 6 assignment.',2023/1/15
926,254,Student 254 posted in forum: 'Question about Week 11 assignment.',2023/1/15
927,432,Student 432 posted in forum: 'Question about Week 12 assignment.',2023/1/15
928,398,Student 398 posted in forum: 'Question about Week 2 assignment.',2023/1/15
929,268,Student 268 posted in forum: 'Question about Week 11 assignment.',2023/1/15
930,336,Student 336 posted in forum: 'Question about Week 9 assignment.',2023/1/15
931,435,Student 435 posted in forum: 'Question about Week 3 assignment.',2023/1/15
932,59,Student 59 posted in forum: 'Question about Week 10 assignment.',2023/1/15
933,234,Student 234 posted in forum: 'Question about Week 9 assignment.',2023/1/15
934,211,Student 211 posted in forum: 'Question about Week 14 assignment.',2023/1/15
935,50,Student 50 posted in forum: 'Question about Week 14 assignment.',2023/1/15
936,224,Student 224 posted in forum: 'Question about Week 12 assignment.',2023/1/15
937,109,Student 109 posted in forum: 'Question about Week 11 assignment.',2023/1/15
938,209,Student 209 posted in forum: 'Question about Week 5 assignment.',2023/1/15
939,358,Student 358 posted in forum: 'Question about Week 7 assignment.',2023/1/15
940,230,Student 230 posted in forum: 'Question about Week 9 assignment.',2023/1/15
941,181,Student 181 posted in forum: 'Question about Week 9 assignment.',2023/1/15
942,11,Student 11 posted in forum: 'Question about Week 10 assignment.',2023/1/15
943,72,Student 72 posted in forum: 'Question about Week 8 assignment.',2023/1/15
944,84,Student 84 posted in forum: 'Question about Week 14 assignment.',2023/1/15
945,443,Student 443 posted in forum: 'Question about Week 10 assignment.',2023/1/15
946,191,Student 191 posted in forum: 'Question about Week 6 assignment.',2023/1/15
947,70,Student 70 posted in forum: 'Question about Week 13 assignment.',2023/1/15
948,8,Student 8 posted in forum: 'Question about Week 3 assignment.',2023/1/15
949,371,Student 371 posted in forum: 'Question about Week 6 assignment.',2023/1/15
950,423,Student 423 posted in forum: 'Question about Week 4 assignment.',2023/1/15
951,352,Student 352 posted in forum: 'Question about Week 1 assignment.',2023/1/15
952,471,Student 471 posted in forum: 'Question about Week 9 assignment.',2023/1/15
953,430,Student 430 posted in forum: 'Question about Week 2 assignment.',2023/1/15
954,176,Student 176 posted in forum: 'Question about Week 6 assignment.',2023/1/15
955,484,Student 484 posted in forum: 'Question about Week 8 assignment.',2023/1/15
956,112,Student 112 posted in forum: 'Question about Week 7 assignment.',2023/1/15
957,91,Student 91 posted in forum: 'Question about Week 9 assignment.',2023/1/15
958,77,Student 77 posted in forum: 'Question about Week 4 assignment.',2023/1/15
959,401,Student 401 posted in forum: 'Question about Week 6 assignment.',2023/1/15
960,309,Student 309 posted in forum: 'Question about Week 2 assignment.',2023/1/15
961,458,Student 458 posted in forum: 'Question about Week 10 assignment.',2023/1/15
962,115,Student 115 posted in forum: 'Question about Week 5 assignment.',2023/1/15
963,481,Student 481 posted in forum: 'Question about Week 10 assignment.',2023/1/15
964,297,Student 297 posted in forum: 'Question about Week 8 assignment.',2023/1/15
965,55,Student 55 posted in forum: 'Question about Week 2 assignment.',2023/1/15
966,107,Student 107 posted in forum: 'Question about Week 1 assignment.',2023/1/15
967,362,Student 362 posted in forum: 'Question about Week 6 assignment.',2023/1/15
968,228,Student 228 posted in forum: 'Question about Week 2 assignment.',2023/1/15
969,193,Student 193 posted in forum: 'Question about Week 4 assignment.',2023/1/15
970,90,Student 90 posted in forum: 'Question about Week 5 assignment.',2023/1/15
971,202,Student 202 posted in forum: 'Question about Week 6 assignment.',2023/1/15
972,72,Student 72 posted in forum: 'Question about Week 7 assignment.',2023/1/15
973,484,Student 484 posted in forum: 'Question about Week 1 assignment.',2023/1/15
974,252,Student 252 posted in forum: 'Question about Week 13 assignment.',2023/1/15
975,337,Student 337 posted in forum: 'Question about Week 1 assignment.',2023/1/15
976,287,Student 287 posted in forum: 'Question about Week 11 assignment.',2023/1/15
977,230,Student 230 posted in forum: 'Question about Week 6 assignment.',2023/1/15
978,226,Student 226 posted in forum: 'Question about Week 14 assignment.',2023/1/15
979,426,Student 426 posted in forum: 'Question about Week 5 assignment.',2023/1/15
980,328,Student 328 posted in forum: 'Question about Week 9 assignment.',2023/1/15
981,169,Student 169 posted in forum: 'Question about Week 14 assignment.',2023/1/15
982,436,Student 436 posted in forum: 'Question about Week 6 assignment.',2023/1/15
983,494,Student 494 posted in forum: 'Question about Week 8 assignment.',2023/1/15
984,20,Student 20 posted in forum: 'Question about Week 7 assignment.',2023/1/15
985,133,Student 133 posted in forum: 'Question about Week 1 assignment.',2023/1/15
986,134,Student 134 posted in forum: 'Question about Week 10 assignment.',2023/1/15
987,440,Student 440 posted in forum: 'Question about Week 5 assignment.',2023/1/15
988,464,Student 464 posted in forum: 'Question about Week 14 assignment.',2023/1/15
989,231,Student 231 posted in forum: 'Question about Week 11 assignment.',2023/1/15
990,305,Student 305 posted in forum: 'Question about Week 3 assignment.',2023/1/15
991,364,Student 364 posted in forum: 'Question about Week 5 assignment.',2023/1/15
992,425,Student 425 posted in forum: 'Question about Week 14 assignment.',2023/1/15
993,24,Student 24 posted in forum: 'Question about Week 1 assignment.',2023/1/15
994,347,Student 347 posted in forum: 'Question about Week 3 assignment.',2023/1/15
995,427,Student 427 posted in forum: 'Question about Week 10 assignment.',2023/1/15
996,403,Student 403 posted in forum: 'Question about Week 13 assignment.',2023/1/15
997,197,Student 197 posted in forum: 'Question about Week 13 assignment.',2023/1/15
998,441,Student 441 posted in forum: 'Question about Week 13 assignment.',2023/1/15
999,240,Student 240 posted in forum: 'Question about Week 3 assignment.',2023/1/15
1000,231,Student 231 posted in forum: 'Question about Week 7 assignment.',2023/1/15
